Channel_CFP,Channel_DIC,Channel_RFP,Channel_YFP,Count_Background_Intensity,Count_FilteredNuclei,Count_Nuclei,ExecutionTime_01Images,ExecutionTime_02Metadata,ExecutionTime_03NamesAndTypes,ExecutionTime_04Groups,ExecutionTime_05IdentifyPrimaryObjects,ExecutionTime_06IdentifyObjectsManually,ExecutionTime_07MeasureObjectSizeShape,ExecutionTime_08FilterObjects,ExecutionTime_09MeasureObjectIntensity,ExecutionTime_10MeasureObjectSizeShape,ExecutionTime_11OverlayOutlines,ExecutionTime_12SaveImages,FileName_CFP,FileName_DIC,FileName_RFP,FileName_YFP,Frame_CFP,Frame_DIC,Frame_RFP,Frame_YFP,Group_Index,Group_Length,Group_Number,Height_CFP,Height_DIC,Height_RFP,Height_YFP,ImageNumber,ImageSet_ImageSet,MD5Digest_CFP,MD5Digest_DIC,MD5Digest_RFP,MD5Digest_YFP,Metadata_C,Metadata_ChannelName,Metadata_ColorFormat,Metadata_FileLocation,Metadata_Frame,Metadata_Plate,Metadata_Series,Metadata_Site,Metadata_SizeC,Metadata_SizeT,Metadata_SizeX,Metadata_SizeY,Metadata_SizeZ,Metadata_T,Metadata_Well,Metadata_Z,ModuleError_01Images,ModuleError_02Metadata,ModuleError_03NamesAndTypes,ModuleError_04Groups,ModuleError_05IdentifyPrimaryObjects,ModuleError_06IdentifyObjectsManually,ModuleError_07MeasureObjectSizeShape,ModuleError_08FilterObjects,ModuleError_09MeasureObjectIntensity,ModuleError_10MeasureObjectSizeShape,ModuleError_11OverlayOutlines,ModuleError_12SaveImages,PathName_CFP,PathName_DIC,PathName_RFP,PathName_YFP,ProcessingStatus,Scaling_CFP,Scaling_DIC,Scaling_RFP,Scaling_YFP,Series_CFP,Series_DIC,Series_RFP,Series_YFP,Threshold_FinalThreshold_Nuclei,Threshold_OrigThreshold_Nuclei,Threshold_SumOfEntropies_Nuclei,Threshold_WeightedVariance_Nuclei,URL_CFP,URL_DIC,URL_RFP,URL_YFP,Width_CFP,Width_DIC,Width_RFP,Width_YFP
-1,-1,-1,-1,1.0,51.0,51.0,0.0,0.0,0.1875,0.0,0.734375,0.125,2.0,0.078125,0.671875,1.609375,0.0625,0.0625,20-1_1_MMStack_Default.ome.tif,20-1_1_MMStack_Default.ome.tif,20-1_1_MMStack_Default.ome.tif,20-1_1_MMStack_Default.ome.tif,0,3,2,1,1,30,1,1100,1100,1100,1100,1,b'eLtxvAgkG22RD9fUNzp/NBqpo+3y0UgdbZcPz0gFVbF2AHv2Xg0=',9867a05ec6aefc65cd95c728f939fdd3,9867a05ec6aefc65cd95c728f939fdd3,9867a05ec6aefc65cd95c728f939fdd3,9867a05ec6aefc65cd95c728f939fdd3,0,nan,monochrome,file:///C:/Users/ajdav/OneDrive%20-%20University%20of%20Cambridge/3rd%20Year%20%28II%29/6.%20Research%20Project/EXP5%20-%20forward%20transfection%20repeat%203/150224%20Images%20for%20Analysis/20-1_1_MMStack_Default.ome.tif,nan,nan,0,nan,1,4,1344,1100,1,nan,nan,0,0,0,0,0,0,0,0,0,0,0,0,0,C:\Users\ajdav\OneDrive - University of Cambridge\3rd Year (II)\6. Research Project\EXP5 - forward transfection repeat 3\150224 Images for Analysis,C:\Users\ajdav\OneDrive - University of Cambridge\3rd Year (II)\6. Research Project\EXP5 - forward transfection repeat 3\150224 Images for Analysis,C:\Users\ajdav\OneDrive - University of Cambridge\3rd Year (II)\6. Research Project\EXP5 - forward transfection repeat 3\150224 Images for Analysis,C:\Users\ajdav\OneDrive - University of Cambridge\3rd Year (II)\6. Research Project\EXP5 - forward transfection repeat 3\150224 Images for Analysis,Done,65535,65535,65535,65535,0,0,0,0,0.006590499448412755,0.007322777164903062,-13.120206222246699,0.08636581277829299,file:///C:/Users/ajdav/OneDrive%20-%20University%20of%20Cambridge/3rd%20Year%20%28II%29/6.%20Research%20Project/EXP5%20-%20forward%20transfection%20repeat%203/150224%20Images%20for%20Analysis/20-1_1_MMStack_Default.ome.tif,file:///C:/Users/ajdav/OneDrive%20-%20University%20of%20Cambridge/3rd%20Year%20%28II%29/6.%20Research%20Project/EXP5%20-%20forward%20transfection%20repeat%203/150224%20Images%20for%20Analysis/20-1_1_MMStack_Default.ome.tif,file:///C:/Users/ajdav/OneDrive%20-%20University%20of%20Cambridge/3rd%20Year%20%28II%29/6.%20Research%20Project/EXP5%20-%20forward%20transfection%20repeat%203/150224%20Images%20for%20Analysis/20-1_1_MMStack_Default.ome.tif,file:///C:/Users/ajdav/OneDrive%20-%20University%20of%20Cambridge/3rd%20Year%20%28II%29/6.%20Research%20Project/EXP5%20-%20forward%20transfection%20repeat%203/150224%20Images%20for%20Analysis/20-1_1_MMStack_Default.ome.tif,1344,1344,1344,1344
-1,-1,-1,-1,1.0,51.0,52.0,0.0,0.0,0.515625,0.0,1.359375,0.15625,5.078125,0.234375,1.09375,3.390625,0.09375,0.09375,20-1_2_MMStack_Default.ome.tif,20-1_2_MMStack_Default.ome.tif,20-1_2_MMStack_Default.ome.tif,20-1_2_MMStack_Default.ome.tif,0,3,2,1,2,30,1,1100,1100,1100,1100,2,b'eLtxvAgkG22RD9fUBx6Wpk+ROdooH4aROtouH4aROtouHzaRCqpi7QCIeF4R',cbed3de6bb0ccfb0324dee6581460271,cbed3de6bb0ccfb0324dee6581460271,cbed3de6bb0ccfb0324dee6581460271,cbed3de6bb0ccfb0324dee6581460271,0,nan,monochrome,file:///C:/Users/ajdav/OneDrive%20-%20University%20of%20Cambridge/3rd%20Year%20%28II%29/6.%20Research%20Project/EXP5%20-%20forward%20transfection%20repeat%203/150224%20Images%20for%20Analysis/20-1_2_MMStack_Default.ome.tif,nan,nan,0,nan,1,4,1344,1100,1,nan,nan,0,0,0,0,0,0,0,0,0,0,0,0,0,C:\Users\ajdav\OneDrive - University of Cambridge\3rd Year (II)\6. Research Project\EXP5 - forward transfection repeat 3\150224 Images for Analysis,C:\Users\ajdav\OneDrive - University of Cambridge\3rd Year (II)\6. Research Project\EXP5 - forward transfection repeat 3\150224 Images for Analysis,C:\Users\ajdav\OneDrive - University of Cambridge\3rd Year (II)\6. Research Project\EXP5 - forward transfection repeat 3\150224 Images for Analysis,C:\Users\ajdav\OneDrive - University of Cambridge\3rd Year (II)\6. Research Project\EXP5 - forward transfection repeat 3\150224 Images for Analysis,Done,65535,65535,65535,65535,0,0,0,0,0.005859917213789887,0.0065110191264332075,-13.073701086645727,0.08000276553337472,file:///C:/Users/ajdav/OneDrive%20-%20University%20of%20Cambridge/3rd%20Year%20%28II%29/6.%20Research%20Project/EXP5%20-%20forward%20transfection%20repeat%203/150224%20Images%20for%20Analysis/20-1_2_MMStack_Default.ome.tif,file:///C:/Users/ajdav/OneDrive%20-%20University%20of%20Cambridge/3rd%20Year%20%28II%29/6.%20Research%20Project/EXP5%20-%20forward%20transfection%20repeat%203/150224%20Images%20for%20Analysis/20-1_2_MMStack_Default.ome.tif,file:///C:/Users/ajdav/OneDrive%20-%20University%20of%20Cambridge/3rd%20Year%20%28II%29/6.%20Research%20Project/EXP5%20-%20forward%20transfection%20repeat%203/150224%20Images%20for%20Analysis/20-1_2_MMStack_Default.ome.tif,file:///C:/Users/ajdav/OneDrive%20-%20University%20of%20Cambridge/3rd%20Year%20%28II%29/6.%20Research%20Project/EXP5%20-%20forward%20transfection%20repeat%203/150224%20Images%20for%20Analysis/20-1_2_MMStack_Default.ome.tif,1344,1344,1344,1344
-1,-1,-1,-1,1.0,66.0,67.0,0.0,0.0,0.125,0.0,0.9375,0.0625,4.359375,0.390625,1.1875,4.0625,0.046875,0.0625,20-1_3_MMStack_Default.ome.tif,20-1_3_MMStack_Default.ome.tif,20-1_3_MMStack_Default.ome.tif,20-1_3_MMStack_Default.ome.tif,0,3,2,1,3,30,1,1100,1100,1100,1100,3,b'eLtxvAgkG22RD9fUBx6Wpk8HerRRPgwjdbRdPgwjdbRdPmwiFVTF2gEAlPpeFQ==',34281eceec88111ae3b91e617a48c090,34281eceec88111ae3b91e617a48c090,34281eceec88111ae3b91e617a48c090,34281eceec88111ae3b91e617a48c090,0,nan,monochrome,file:///C:/Users/ajdav/OneDrive%20-%20University%20of%20Cambridge/3rd%20Year%20%28II%29/6.%20Research%20Project/EXP5%20-%20forward%20transfection%20repeat%203/150224%20Images%20for%20Analysis/20-1_3_MMStack_Default.ome.tif,nan,nan,0,nan,1,4,1344,1100,1,nan,nan,0,0,0,0,0,0,0,0,0,0,0,0,0,C:\Users\ajdav\OneDrive - University of Cambridge\3rd Year (II)\6. Research Project\EXP5 - forward transfection repeat 3\150224 Images for Analysis,C:\Users\ajdav\OneDrive - University of Cambridge\3rd Year (II)\6. Research Project\EXP5 - forward transfection repeat 3\150224 Images for Analysis,C:\Users\ajdav\OneDrive - University of Cambridge\3rd Year (II)\6. Research Project\EXP5 - forward transfection repeat 3\150224 Images for Analysis,C:\Users\ajdav\OneDrive - University of Cambridge\3rd Year (II)\6. Research Project\EXP5 - forward transfection repeat 3\150224 Images for Analysis,Done,65535,65535,65535,65535,0,0,0,0,0.006148470758423319,0.00683163417602591,-12.935158046943318,0.07486823050709929,file:///C:/Users/ajdav/OneDrive%20-%20University%20of%20Cambridge/3rd%20Year%20%28II%29/6.%20Research%20Project/EXP5%20-%20forward%20transfection%20repeat%203/150224%20Images%20for%20Analysis/20-1_3_MMStack_Default.ome.tif,file:///C:/Users/ajdav/OneDrive%20-%20University%20of%20Cambridge/3rd%20Year%20%28II%29/6.%20Research%20Project/EXP5%20-%20forward%20transfection%20repeat%203/150224%20Images%20for%20Analysis/20-1_3_MMStack_Default.ome.tif,file:///C:/Users/ajdav/OneDrive%20-%20University%20of%20Cambridge/3rd%20Year%20%28II%29/6.%20Research%20Project/EXP5%20-%20forward%20transfection%20repeat%203/150224%20Images%20for%20Analysis/20-1_3_MMStack_Default.ome.tif,file:///C:/Users/ajdav/OneDrive%20-%20University%20of%20Cambridge/3rd%20Year%20%28II%29/6.%20Research%20Project/EXP5%20-%20forward%20transfection%20repeat%203/150224%20Images%20for%20Analysis/20-1_3_MMStack_Default.ome.tif,1344,1344,1344,1344
-1,-1,-1,-1,1.0,58.0,59.0,0.0,0.0,0.40625,0.0,1.53125,0.0625,2.1875,0.09375,0.453125,1.71875,0.015625,0.046875,20-1_4_MMStack_Default.ome.tif,20-1_4_MMStack_Default.ome.tif,20-1_4_MMStack_Default.ome.tif,20-1_4_MMStack_Default.ome.tif,0,3,2,1,4,30,1,1100,1100,1100,1100,4,b'eLtxvAgkG22RD9fUBx6WNhltlI9G6mi7fDRSR9vlwy1SQVWsHQChfF4Z',21c9e511e7ec75a68ba33d56eb81b3db,21c9e511e7ec75a68ba33d56eb81b3db,21c9e511e7ec75a68ba33d56eb81b3db,21c9e511e7ec75a68ba33d56eb81b3db,0,nan,monochrome,file:///C:/Users/ajdav/OneDrive%20-%20University%20of%20Cambridge/3rd%20Year%20%28II%29/6.%20Research%20Project/EXP5%20-%20forward%20transfection%20repeat%203/150224%20Images%20for%20Analysis/20-1_4_MMStack_Default.ome.tif,nan,nan,0,nan,1,4,1344,1100,1,nan,nan,0,0,0,0,0,0,0,0,0,0,0,0,0,C:\Users\ajdav\OneDrive - University of Cambridge\3rd Year (II)\6. Research Project\EXP5 - forward transfection repeat 3\150224 Images for Analysis,C:\Users\ajdav\OneDrive - University of Cambridge\3rd Year (II)\6. Research Project\EXP5 - forward transfection repeat 3\150224 Images for Analysis,C:\Users\ajdav\OneDrive - University of Cambridge\3rd Year (II)\6. Research Project\EXP5 - forward transfection repeat 3\150224 Images for Analysis,C:\Users\ajdav\OneDrive - University of Cambridge\3rd Year (II)\6. Research Project\EXP5 - forward transfection repeat 3\150224 Images for Analysis,Done,65535,65535,65535,65535,0,0,0,0,0.006823098049363075,0.007581220054847861,-13.089426553328849,0.1007239609639245,file:///C:/Users/ajdav/OneDrive%20-%20University%20of%20Cambridge/3rd%20Year%20%28II%29/6.%20Research%20Project/EXP5%20-%20forward%20transfection%20repeat%203/150224%20Images%20for%20Analysis/20-1_4_MMStack_Default.ome.tif,file:///C:/Users/ajdav/OneDrive%20-%20University%20of%20Cambridge/3rd%20Year%20%28II%29/6.%20Research%20Project/EXP5%20-%20forward%20transfection%20repeat%203/150224%20Images%20for%20Analysis/20-1_4_MMStack_Default.ome.tif,file:///C:/Users/ajdav/OneDrive%20-%20University%20of%20Cambridge/3rd%20Year%20%28II%29/6.%20Research%20Project/EXP5%20-%20forward%20transfection%20repeat%203/150224%20Images%20for%20Analysis/20-1_4_MMStack_Default.ome.tif,file:///C:/Users/ajdav/OneDrive%20-%20University%20of%20Cambridge/3rd%20Year%20%28II%29/6.%20Research%20Project/EXP5%20-%20forward%20transfection%20repeat%203/150224%20Images%20for%20Analysis/20-1_4_MMStack_Default.ome.tif,1344,1344,1344,1344
-1,-1,-1,-1,1.0,52.0,53.0,0.0,0.0,0.171875,0.0,0.59375,0.046875,1.34375,0.078125,0.3125,1.828125,0.03125,0.046875,20-1_6_MMStack_Default.ome.tif,20-1_6_MMStack_Default.ome.tif,20-1_6_MMStack_Default.ome.tif,20-1_6_MMStack_Default.ome.tif,0,3,2,1,5,30,1,1100,1100,1100,1100,5,b'eLtxvAgkG22RD9fUBx6WNhttlI9G6mi7fDRSR9vlwy1SQVWsHQC6gF4h',953b8ce955b28181e6167dafc60c8267,953b8ce955b28181e6167dafc60c8267,953b8ce955b28181e6167dafc60c8267,953b8ce955b28181e6167dafc60c8267,0,nan,monochrome,file:///C:/Users/ajdav/OneDrive%20-%20University%20of%20Cambridge/3rd%20Year%20%28II%29/6.%20Research%20Project/EXP5%20-%20forward%20transfection%20repeat%203/150224%20Images%20for%20Analysis/20-1_6_MMStack_Default.ome.tif,nan,nan,0,nan,1,4,1344,1100,1,nan,nan,0,0,0,0,0,0,0,0,0,0,0,0,0,C:\Users\ajdav\OneDrive - University of Cambridge\3rd Year (II)\6. Research Project\EXP5 - forward transfection repeat 3\150224 Images for Analysis,C:\Users\ajdav\OneDrive - University of Cambridge\3rd Year (II)\6. Research Project\EXP5 - forward transfection repeat 3\150224 Images for Analysis,C:\Users\ajdav\OneDrive - University of Cambridge\3rd Year (II)\6. Research Project\EXP5 - forward transfection repeat 3\150224 Images for Analysis,C:\Users\ajdav\OneDrive - University of Cambridge\3rd Year (II)\6. Research Project\EXP5 - forward transfection repeat 3\150224 Images for Analysis,Done,65535,65535,65535,65535,0,0,0,0,0.00659473967233037,0.0073274885248115216,-13.18702902426238,0.08585011587075807,file:///C:/Users/ajdav/OneDrive%20-%20University%20of%20Cambridge/3rd%20Year%20%28II%29/6.%20Research%20Project/EXP5%20-%20forward%20transfection%20repeat%203/150224%20Images%20for%20Analysis/20-1_6_MMStack_Default.ome.tif,file:///C:/Users/ajdav/OneDrive%20-%20University%20of%20Cambridge/3rd%20Year%20%28II%29/6.%20Research%20Project/EXP5%20-%20forward%20transfection%20repeat%203/150224%20Images%20for%20Analysis/20-1_6_MMStack_Default.ome.tif,file:///C:/Users/ajdav/OneDrive%20-%20University%20of%20Cambridge/3rd%20Year%20%28II%29/6.%20Research%20Project/EXP5%20-%20forward%20transfection%20repeat%203/150224%20Images%20for%20Analysis/20-1_6_MMStack_Default.ome.tif,file:///C:/Users/ajdav/OneDrive%20-%20University%20of%20Cambridge/3rd%20Year%20%28II%29/6.%20Research%20Project/EXP5%20-%20forward%20transfection%20repeat%203/150224%20Images%20for%20Analysis/20-1_6_MMStack_Default.ome.tif,1344,1344,1344,1344
-1,-1,-1,-1,1.0,77.0,79.0,0.0,0.0,0.15625,0.0,0.84375,0.15625,2.484375,0.09375,0.6875,1.84375,0.0625,0.09375,20-2_1_MMStack_Default.ome.tif,20-2_1_MMStack_Default.ome.tif,20-2_1_MMStack_Default.ome.tif,20-2_1_MMStack_Default.ome.tif,0,3,2,1,6,30,1,1100,1100,1100,1100,6,b'eLtxvAgkG22RD9fUB+5Aj84fjUbqaLt8NFJH2+XDLlJBVawdAIiAXhE=',1fc027c447d9648674dad8bc264e79bd,1fc027c447d9648674dad8bc264e79bd,1fc027c447d9648674dad8bc264e79bd,1fc027c447d9648674dad8bc264e79bd,0,nan,monochrome,file:///C:/Users/ajdav/OneDrive%20-%20University%20of%20Cambridge/3rd%20Year%20%28II%29/6.%20Research%20Project/EXP5%20-%20forward%20transfection%20repeat%203/150224%20Images%20for%20Analysis/20-2_1_MMStack_Default.ome.tif,nan,nan,0,nan,1,4,1344,1100,1,nan,nan,0,0,0,0,0,0,0,0,0,0,0,0,0,C:\Users\ajdav\OneDrive - University of Cambridge\3rd Year (II)\6. Research Project\EXP5 - forward transfection repeat 3\150224 Images for Analysis,C:\Users\ajdav\OneDrive - University of Cambridge\3rd Year (II)\6. Research Project\EXP5 - forward transfection repeat 3\150224 Images for Analysis,C:\Users\ajdav\OneDrive - University of Cambridge\3rd Year (II)\6. Research Project\EXP5 - forward transfection repeat 3\150224 Images for Analysis,C:\Users\ajdav\OneDrive - University of Cambridge\3rd Year (II)\6. Research Project\EXP5 - forward transfection repeat 3\150224 Images for Analysis,Done,65535,65535,65535,65535,0,0,0,0,0.006652926458090111,0.007392140508989012,-12.97481368236971,0.09307888717078644,file:///C:/Users/ajdav/OneDrive%20-%20University%20of%20Cambridge/3rd%20Year%20%28II%29/6.%20Research%20Project/EXP5%20-%20forward%20transfection%20repeat%203/150224%20Images%20for%20Analysis/20-2_1_MMStack_Default.ome.tif,file:///C:/Users/ajdav/OneDrive%20-%20University%20of%20Cambridge/3rd%20Year%20%28II%29/6.%20Research%20Project/EXP5%20-%20forward%20transfection%20repeat%203/150224%20Images%20for%20Analysis/20-2_1_MMStack_Default.ome.tif,file:///C:/Users/ajdav/OneDrive%20-%20University%20of%20Cambridge/3rd%20Year%20%28II%29/6.%20Research%20Project/EXP5%20-%20forward%20transfection%20repeat%203/150224%20Images%20for%20Analysis/20-2_1_MMStack_Default.ome.tif,file:///C:/Users/ajdav/OneDrive%20-%20University%20of%20Cambridge/3rd%20Year%20%28II%29/6.%20Research%20Project/EXP5%20-%20forward%20transfection%20repeat%203/150224%20Images%20for%20Analysis/20-2_1_MMStack_Default.ome.tif,1344,1344,1344,1344
-1,-1,-1,-1,1.0,52.0,52.0,0.0,0.0,0.109375,0.0,0.53125,0.015625,1.859375,0.09375,0.53125,2.171875,0.015625,0.0625,20-2_2_MMStack_Default.ome.tif,20-2_2_MMStack_Default.ome.tif,20-2_2_MMStack_Default.ome.tif,20-2_2_MMStack_Default.ome.tif,0,3,2,1,7,30,1,1100,1100,1100,1100,7,b'eLtxvAgkG22RD9fUB+5A06fIHG2UD8NIHW2XD8NIHW2XD5tIBVWxdgCVAl4V',eb8f694710c21ec529bf7f2f34790ec2,eb8f694710c21ec529bf7f2f34790ec2,eb8f694710c21ec529bf7f2f34790ec2,eb8f694710c21ec529bf7f2f34790ec2,0,nan,monochrome,file:///C:/Users/ajdav/OneDrive%20-%20University%20of%20Cambridge/3rd%20Year%20%28II%29/6.%20Research%20Project/EXP5%20-%20forward%20transfection%20repeat%203/150224%20Images%20for%20Analysis/20-2_2_MMStack_Default.ome.tif,nan,nan,0,nan,1,4,1344,1100,1,nan,nan,0,0,0,0,0,0,0,0,0,0,0,0,0,C:\Users\ajdav\OneDrive - University of Cambridge\3rd Year (II)\6. Research Project\EXP5 - forward transfection repeat 3\150224 Images for Analysis,C:\Users\ajdav\OneDrive - University of Cambridge\3rd Year (II)\6. Research Project\EXP5 - forward transfection repeat 3\150224 Images for Analysis,C:\Users\ajdav\OneDrive - University of Cambridge\3rd Year (II)\6. Research Project\EXP5 - forward transfection repeat 3\150224 Images for Analysis,C:\Users\ajdav\OneDrive - University of Cambridge\3rd Year (II)\6. Research Project\EXP5 - forward transfection repeat 3\150224 Images for Analysis,Done,65535,65535,65535,65535,0,0,0,0,0.005769959509767396,0.006411066121963772,-13.033753125132957,0.06313670233803201,file:///C:/Users/ajdav/OneDrive%20-%20University%20of%20Cambridge/3rd%20Year%20%28II%29/6.%20Research%20Project/EXP5%20-%20forward%20transfection%20repeat%203/150224%20Images%20for%20Analysis/20-2_2_MMStack_Default.ome.tif,file:///C:/Users/ajdav/OneDrive%20-%20University%20of%20Cambridge/3rd%20Year%20%28II%29/6.%20Research%20Project/EXP5%20-%20forward%20transfection%20repeat%203/150224%20Images%20for%20Analysis/20-2_2_MMStack_Default.ome.tif,file:///C:/Users/ajdav/OneDrive%20-%20University%20of%20Cambridge/3rd%20Year%20%28II%29/6.%20Research%20Project/EXP5%20-%20forward%20transfection%20repeat%203/150224%20Images%20for%20Analysis/20-2_2_MMStack_Default.ome.tif,file:///C:/Users/ajdav/OneDrive%20-%20University%20of%20Cambridge/3rd%20Year%20%28II%29/6.%20Research%20Project/EXP5%20-%20forward%20transfection%20repeat%203/150224%20Images%20for%20Analysis/20-2_2_MMStack_Default.ome.tif,1344,1344,1344,1344
-1,-1,-1,-1,1.0,69.0,71.0,0.0,0.0,0.171875,0.0,0.703125,0.015625,2.234375,0.09375,1.046875,2.0625,0.03125,0.09375,20-2_3_MMStack_Default.ome.tif,20-2_3_MMStack_Default.ome.tif,20-2_3_MMStack_Default.ome.tif,20-2_3_MMStack_Default.ome.tif,0,3,2,1,8,30,1,1100,1100,1100,1100,8,b'eLtxvAgkG22RD9fUR8cO9GijfBhG6mi7fBhG6mi7fNhEKqiKtQMAoYReGQ==',573abd49822da4bd924247b51061b5f5,573abd49822da4bd924247b51061b5f5,573abd49822da4bd924247b51061b5f5,573abd49822da4bd924247b51061b5f5,0,nan,monochrome,file:///C:/Users/ajdav/OneDrive%20-%20University%20of%20Cambridge/3rd%20Year%20%28II%29/6.%20Research%20Project/EXP5%20-%20forward%20transfection%20repeat%203/150224%20Images%20for%20Analysis/20-2_3_MMStack_Default.ome.tif,nan,nan,0,nan,1,4,1344,1100,1,nan,nan,0,0,0,0,0,0,0,0,0,0,0,0,0,C:\Users\ajdav\OneDrive - University of Cambridge\3rd Year (II)\6. Research Project\EXP5 - forward transfection repeat 3\150224 Images for Analysis,C:\Users\ajdav\OneDrive - University of Cambridge\3rd Year (II)\6. Research Project\EXP5 - forward transfection repeat 3\150224 Images for Analysis,C:\Users\ajdav\OneDrive - University of Cambridge\3rd Year (II)\6. Research Project\EXP5 - forward transfection repeat 3\150224 Images for Analysis,C:\Users\ajdav\OneDrive - University of Cambridge\3rd Year (II)\6. Research Project\EXP5 - forward transfection repeat 3\150224 Images for Analysis,Done,65535,65535,65535,65535,0,0,0,0,0.005905321320814188,0.006561468134237987,-13.129197458875424,0.08041173342573915,file:///C:/Users/ajdav/OneDrive%20-%20University%20of%20Cambridge/3rd%20Year%20%28II%29/6.%20Research%20Project/EXP5%20-%20forward%20transfection%20repeat%203/150224%20Images%20for%20Analysis/20-2_3_MMStack_Default.ome.tif,file:///C:/Users/ajdav/OneDrive%20-%20University%20of%20Cambridge/3rd%20Year%20%28II%29/6.%20Research%20Project/EXP5%20-%20forward%20transfection%20repeat%203/150224%20Images%20for%20Analysis/20-2_3_MMStack_Default.ome.tif,file:///C:/Users/ajdav/OneDrive%20-%20University%20of%20Cambridge/3rd%20Year%20%28II%29/6.%20Research%20Project/EXP5%20-%20forward%20transfection%20repeat%203/150224%20Images%20for%20Analysis/20-2_3_MMStack_Default.ome.tif,file:///C:/Users/ajdav/OneDrive%20-%20University%20of%20Cambridge/3rd%20Year%20%28II%29/6.%20Research%20Project/EXP5%20-%20forward%20transfection%20repeat%203/150224%20Images%20for%20Analysis/20-2_3_MMStack_Default.ome.tif,1344,1344,1344,1344
-1,-1,-1,-1,1.0,61.0,61.0,0.0,0.0,0.390625,0.0,1.46875,0.203125,2.765625,0.09375,1.28125,3.3125,0.09375,0.015625,20-2_4_MMStack_Default.ome.tif,20-2_4_MMStack_Default.ome.tif,20-2_4_MMStack_Default.ome.tif,20-2_4_MMStack_Default.ome.tif,0,3,2,1,9,30,1,1100,1100,1100,1100,9,b'eLtxvAgkG22RD9fUB+5Am4w2ykcjdbRdPhqpo+3y4RapoCrWDgCuBl4d',c17e807e92d32af61d19ef2a01526170,c17e807e92d32af61d19ef2a01526170,c17e807e92d32af61d19ef2a01526170,c17e807e92d32af61d19ef2a01526170,0,nan,monochrome,file:///C:/Users/ajdav/OneDrive%20-%20University%20of%20Cambridge/3rd%20Year%20%28II%29/6.%20Research%20Project/EXP5%20-%20forward%20transfection%20repeat%203/150224%20Images%20for%20Analysis/20-2_4_MMStack_Default.ome.tif,nan,nan,0,nan,1,4,1344,1100,1,nan,nan,0,0,0,0,0,0,0,0,0,0,0,0,0,C:\Users\ajdav\OneDrive - University of Cambridge\3rd Year (II)\6. Research Project\EXP5 - forward transfection repeat 3\150224 Images for Analysis,C:\Users\ajdav\OneDrive - University of Cambridge\3rd Year (II)\6. Research Project\EXP5 - forward transfection repeat 3\150224 Images for Analysis,C:\Users\ajdav\OneDrive - University of Cambridge\3rd Year (II)\6. Research Project\EXP5 - forward transfection repeat 3\150224 Images for Analysis,C:\Users\ajdav\OneDrive - University of Cambridge\3rd Year (II)\6. Research Project\EXP5 - forward transfection repeat 3\150224 Images for Analysis,Done,65535,65535,65535,65535,0,0,0,0,0.005665642031436047,0.006295157812706719,-13.176218361290175,0.08918398469137315,file:///C:/Users/ajdav/OneDrive%20-%20University%20of%20Cambridge/3rd%20Year%20%28II%29/6.%20Research%20Project/EXP5%20-%20forward%20transfection%20repeat%203/150224%20Images%20for%20Analysis/20-2_4_MMStack_Default.ome.tif,file:///C:/Users/ajdav/OneDrive%20-%20University%20of%20Cambridge/3rd%20Year%20%28II%29/6.%20Research%20Project/EXP5%20-%20forward%20transfection%20repeat%203/150224%20Images%20for%20Analysis/20-2_4_MMStack_Default.ome.tif,file:///C:/Users/ajdav/OneDrive%20-%20University%20of%20Cambridge/3rd%20Year%20%28II%29/6.%20Research%20Project/EXP5%20-%20forward%20transfection%20repeat%203/150224%20Images%20for%20Analysis/20-2_4_MMStack_Default.ome.tif,file:///C:/Users/ajdav/OneDrive%20-%20University%20of%20Cambridge/3rd%20Year%20%28II%29/6.%20Research%20Project/EXP5%20-%20forward%20transfection%20repeat%203/150224%20Images%20for%20Analysis/20-2_4_MMStack_Default.ome.tif,1344,1344,1344,1344
-1,-1,-1,-1,1.0,53.0,55.0,0.0,0.0,0.21875,0.0,0.703125,0.125,2.546875,0.140625,1.171875,2.328125,0.0625,0.09375,20-2_5_MMStack_Default.ome.tif,20-2_5_MMStack_Default.ome.tif,20-2_5_MMStack_Default.ome.tif,20-2_5_MMStack_Default.ome.tif,0,3,2,1,10,30,1,1100,1100,1100,1100,10,b'eLtxvAgkG22RD9fUB+5A06e2H22UD8NIHW2XD8NIHW2XD5tIBVWxdgC6iF4h',93ae369c3f738eeabca91bec0e67d61b,93ae369c3f738eeabca91bec0e67d61b,93ae369c3f738eeabca91bec0e67d61b,93ae369c3f738eeabca91bec0e67d61b,0,nan,monochrome,file:///C:/Users/ajdav/OneDrive%20-%20University%20of%20Cambridge/3rd%20Year%20%28II%29/6.%20Research%20Project/EXP5%20-%20forward%20transfection%20repeat%203/150224%20Images%20for%20Analysis/20-2_5_MMStack_Default.ome.tif,nan,nan,0,nan,1,4,1344,1100,1,nan,nan,0,0,0,0,0,0,0,0,0,0,0,0,0,C:\Users\ajdav\OneDrive - University of Cambridge\3rd Year (II)\6. Research Project\EXP5 - forward transfection repeat 3\150224 Images for Analysis,C:\Users\ajdav\OneDrive - University of Cambridge\3rd Year (II)\6. Research Project\EXP5 - forward transfection repeat 3\150224 Images for Analysis,C:\Users\ajdav\OneDrive - University of Cambridge\3rd Year (II)\6. Research Project\EXP5 - forward transfection repeat 3\150224 Images for Analysis,C:\Users\ajdav\OneDrive - University of Cambridge\3rd Year (II)\6. Research Project\EXP5 - forward transfection repeat 3\150224 Images for Analysis,Done,65535,65535,65535,65535,0,0,0,0,0.006323217210871634,0.007025796900968482,-13.018992382394291,0.09078639037604117,file:///C:/Users/ajdav/OneDrive%20-%20University%20of%20Cambridge/3rd%20Year%20%28II%29/6.%20Research%20Project/EXP5%20-%20forward%20transfection%20repeat%203/150224%20Images%20for%20Analysis/20-2_5_MMStack_Default.ome.tif,file:///C:/Users/ajdav/OneDrive%20-%20University%20of%20Cambridge/3rd%20Year%20%28II%29/6.%20Research%20Project/EXP5%20-%20forward%20transfection%20repeat%203/150224%20Images%20for%20Analysis/20-2_5_MMStack_Default.ome.tif,file:///C:/Users/ajdav/OneDrive%20-%20University%20of%20Cambridge/3rd%20Year%20%28II%29/6.%20Research%20Project/EXP5%20-%20forward%20transfection%20repeat%203/150224%20Images%20for%20Analysis/20-2_5_MMStack_Default.ome.tif,file:///C:/Users/ajdav/OneDrive%20-%20University%20of%20Cambridge/3rd%20Year%20%28II%29/6.%20Research%20Project/EXP5%20-%20forward%20transfection%20repeat%203/150224%20Images%20for%20Analysis/20-2_5_MMStack_Default.ome.tif,1344,1344,1344,1344
-1,-1,-1,-1,1.0,62.0,62.0,0.0,0.0,0.421875,0.0,1.265625,0.078125,3.78125,0.15625,1.25,1.609375,0.03125,0.03125,40-1_1_MMStack_Default.ome.tif,40-1_1_MMStack_Default.ome.tif,40-1_1_MMStack_Default.ome.tif,40-1_1_MMStack_Default.ome.tif,0,3,2,1,11,30,1,1100,1100,1100,1100,11,b'eLtxvAgkG22RD9fUZzI6fzQaqaPt8tFIHW2XD8tIBVWxdgCVIl4V',6d6bf2d98eef467f9529d17b8692de12,6d6bf2d98eef467f9529d17b8692de12,6d6bf2d98eef467f9529d17b8692de12,6d6bf2d98eef467f9529d17b8692de12,0,nan,monochrome,file:///C:/Users/ajdav/OneDrive%20-%20University%20of%20Cambridge/3rd%20Year%20%28II%29/6.%20Research%20Project/EXP5%20-%20forward%20transfection%20repeat%203/150224%20Images%20for%20Analysis/40-1_1_MMStack_Default.ome.tif,nan,nan,0,nan,1,4,1344,1100,1,nan,nan,0,0,0,0,0,0,0,0,0,0,0,0,0,C:\Users\ajdav\OneDrive - University of Cambridge\3rd Year (II)\6. Research Project\EXP5 - forward transfection repeat 3\150224 Images for Analysis,C:\Users\ajdav\OneDrive - University of Cambridge\3rd Year (II)\6. Research Project\EXP5 - forward transfection repeat 3\150224 Images for Analysis,C:\Users\ajdav\OneDrive - University of Cambridge\3rd Year (II)\6. Research Project\EXP5 - forward transfection repeat 3\150224 Images for Analysis,C:\Users\ajdav\OneDrive - University of Cambridge\3rd Year (II)\6. Research Project\EXP5 - forward transfection repeat 3\150224 Images for Analysis,Done,65535,65535,65535,65535,0,0,0,0,0.006306840066186359,0.007007600073540399,-12.871748548873455,0.07352513935180327,file:///C:/Users/ajdav/OneDrive%20-%20University%20of%20Cambridge/3rd%20Year%20%28II%29/6.%20Research%20Project/EXP5%20-%20forward%20transfection%20repeat%203/150224%20Images%20for%20Analysis/40-1_1_MMStack_Default.ome.tif,file:///C:/Users/ajdav/OneDrive%20-%20University%20of%20Cambridge/3rd%20Year%20%28II%29/6.%20Research%20Project/EXP5%20-%20forward%20transfection%20repeat%203/150224%20Images%20for%20Analysis/40-1_1_MMStack_Default.ome.tif,file:///C:/Users/ajdav/OneDrive%20-%20University%20of%20Cambridge/3rd%20Year%20%28II%29/6.%20Research%20Project/EXP5%20-%20forward%20transfection%20repeat%203/150224%20Images%20for%20Analysis/40-1_1_MMStack_Default.ome.tif,file:///C:/Users/ajdav/OneDrive%20-%20University%20of%20Cambridge/3rd%20Year%20%28II%29/6.%20Research%20Project/EXP5%20-%20forward%20transfection%20repeat%203/150224%20Images%20for%20Analysis/40-1_1_MMStack_Default.ome.tif,1344,1344,1344,1344
-1,-1,-1,-1,1.0,45.0,46.0,0.0,0.0,0.1875,0.0,0.6875,0.296875,2.96875,0.125,0.640625,2.40625,0.015625,0.09375,40-1_2_MMStack_Default.ome.tif,40-1_2_MMStack_Default.ome.tif,40-1_2_MMStack_Default.ome.tif,40-1_2_MMStack_Default.ome.tif,0,3,2,1,12,30,1,1100,1100,1100,1100,12,b'eLtxvAgkG22RD9fUB67t6VNkjjbKh2GkjrbLh2GkjrbLh02kgqpYOwChpF4Z',e2b00e5f0d203b098ee04877dd46a7a6,e2b00e5f0d203b098ee04877dd46a7a6,e2b00e5f0d203b098ee04877dd46a7a6,e2b00e5f0d203b098ee04877dd46a7a6,0,nan,monochrome,file:///C:/Users/ajdav/OneDrive%20-%20University%20of%20Cambridge/3rd%20Year%20%28II%29/6.%20Research%20Project/EXP5%20-%20forward%20transfection%20repeat%203/150224%20Images%20for%20Analysis/40-1_2_MMStack_Default.ome.tif,nan,nan,0,nan,1,4,1344,1100,1,nan,nan,0,0,0,0,0,0,0,0,0,0,0,0,0,C:\Users\ajdav\OneDrive - University of Cambridge\3rd Year (II)\6. Research Project\EXP5 - forward transfection repeat 3\150224 Images for Analysis,C:\Users\ajdav\OneDrive - University of Cambridge\3rd Year (II)\6. Research Project\EXP5 - forward transfection repeat 3\150224 Images for Analysis,C:\Users\ajdav\OneDrive - University of Cambridge\3rd Year (II)\6. Research Project\EXP5 - forward transfection repeat 3\150224 Images for Analysis,C:\Users\ajdav\OneDrive - University of Cambridge\3rd Year (II)\6. Research Project\EXP5 - forward transfection repeat 3\150224 Images for Analysis,Done,65535,65535,65535,65535,0,0,0,0,0.006279310063370527,0.006977011181522808,-13.005560645539123,0.06907442064935168,file:///C:/Users/ajdav/OneDrive%20-%20University%20of%20Cambridge/3rd%20Year%20%28II%29/6.%20Research%20Project/EXP5%20-%20forward%20transfection%20repeat%203/150224%20Images%20for%20Analysis/40-1_2_MMStack_Default.ome.tif,file:///C:/Users/ajdav/OneDrive%20-%20University%20of%20Cambridge/3rd%20Year%20%28II%29/6.%20Research%20Project/EXP5%20-%20forward%20transfection%20repeat%203/150224%20Images%20for%20Analysis/40-1_2_MMStack_Default.ome.tif,file:///C:/Users/ajdav/OneDrive%20-%20University%20of%20Cambridge/3rd%20Year%20%28II%29/6.%20Research%20Project/EXP5%20-%20forward%20transfection%20repeat%203/150224%20Images%20for%20Analysis/40-1_2_MMStack_Default.ome.tif,file:///C:/Users/ajdav/OneDrive%20-%20University%20of%20Cambridge/3rd%20Year%20%28II%29/6.%20Research%20Project/EXP5%20-%20forward%20transfection%20repeat%203/150224%20Images%20for%20Analysis/40-1_2_MMStack_Default.ome.tif,1344,1344,1344,1344
-1,-1,-1,-1,1.0,44.0,44.0,0.0,0.0,0.3125,0.0,2.671875,0.03125,2.203125,0.21875,1.234375,2.203125,0.03125,0.0,40-1_3_MMStack_Default.ome.tif,40-1_3_MMStack_Default.ome.tif,40-1_3_MMStack_Default.ome.tif,40-1_3_MMStack_Default.ome.tif,0,3,2,1,13,30,1,1100,1100,1100,1100,13,b'eLtxvAgkG22RD9fUB67t6dOBHm2UD8NIHW2XD8NIHW2XD5tIBVWxdgCuJl4d',649f73cd800650ffdd9814527e4f5347,649f73cd800650ffdd9814527e4f5347,649f73cd800650ffdd9814527e4f5347,649f73cd800650ffdd9814527e4f5347,0,nan,monochrome,file:///C:/Users/ajdav/OneDrive%20-%20University%20of%20Cambridge/3rd%20Year%20%28II%29/6.%20Research%20Project/EXP5%20-%20forward%20transfection%20repeat%203/150224%20Images%20for%20Analysis/40-1_3_MMStack_Default.ome.tif,nan,nan,0,nan,1,4,1344,1100,1,nan,nan,0,0,0,0,0,0,0,0,0,0,0,0,0,C:\Users\ajdav\OneDrive - University of Cambridge\3rd Year (II)\6. Research Project\EXP5 - forward transfection repeat 3\150224 Images for Analysis,C:\Users\ajdav\OneDrive - University of Cambridge\3rd Year (II)\6. Research Project\EXP5 - forward transfection repeat 3\150224 Images for Analysis,C:\Users\ajdav\OneDrive - University of Cambridge\3rd Year (II)\6. Research Project\EXP5 - forward transfection repeat 3\150224 Images for Analysis,C:\Users\ajdav\OneDrive - University of Cambridge\3rd Year (II)\6. Research Project\EXP5 - forward transfection repeat 3\150224 Images for Analysis,Done,65535,65535,65535,65535,0,0,0,0,0.005373884504814471,0.00597098278312719,-13.134612068905628,0.06440453615588403,file:///C:/Users/ajdav/OneDrive%20-%20University%20of%20Cambridge/3rd%20Year%20%28II%29/6.%20Research%20Project/EXP5%20-%20forward%20transfection%20repeat%203/150224%20Images%20for%20Analysis/40-1_3_MMStack_Default.ome.tif,file:///C:/Users/ajdav/OneDrive%20-%20University%20of%20Cambridge/3rd%20Year%20%28II%29/6.%20Research%20Project/EXP5%20-%20forward%20transfection%20repeat%203/150224%20Images%20for%20Analysis/40-1_3_MMStack_Default.ome.tif,file:///C:/Users/ajdav/OneDrive%20-%20University%20of%20Cambridge/3rd%20Year%20%28II%29/6.%20Research%20Project/EXP5%20-%20forward%20transfection%20repeat%203/150224%20Images%20for%20Analysis/40-1_3_MMStack_Default.ome.tif,file:///C:/Users/ajdav/OneDrive%20-%20University%20of%20Cambridge/3rd%20Year%20%28II%29/6.%20Research%20Project/EXP5%20-%20forward%20transfection%20repeat%203/150224%20Images%20for%20Analysis/40-1_3_MMStack_Default.ome.tif,1344,1344,1344,1344
-1,-1,-1,-1,1.0,55.0,56.0,0.0,0.0,0.171875,0.0,1.046875,0.078125,3.53125,0.125,0.71875,3.609375,0.078125,0.046875,40-1_4_MMStack_Default.ome.tif,40-1_4_MMStack_Default.ome.tif,40-1_4_MMStack_Default.ome.tif,40-1_4_MMStack_Default.ome.tif,0,3,2,1,14,30,1,1100,1100,1100,1100,14,b'eLtxvAgkG22RD9fUB67tTUYb5aOROtouH43U0Xb5cItUUBVrBwC6qF4h',69039d69bba8289c89b333f8aa79818a,69039d69bba8289c89b333f8aa79818a,69039d69bba8289c89b333f8aa79818a,69039d69bba8289c89b333f8aa79818a,0,nan,monochrome,file:///C:/Users/ajdav/OneDrive%20-%20University%20of%20Cambridge/3rd%20Year%20%28II%29/6.%20Research%20Project/EXP5%20-%20forward%20transfection%20repeat%203/150224%20Images%20for%20Analysis/40-1_4_MMStack_Default.ome.tif,nan,nan,0,nan,1,4,1344,1100,1,nan,nan,0,0,0,0,0,0,0,0,0,0,0,0,0,C:\Users\ajdav\OneDrive - University of Cambridge\3rd Year (II)\6. Research Project\EXP5 - forward transfection repeat 3\150224 Images for Analysis,C:\Users\ajdav\OneDrive - University of Cambridge\3rd Year (II)\6. Research Project\EXP5 - forward transfection repeat 3\150224 Images for Analysis,C:\Users\ajdav\OneDrive - University of Cambridge\3rd Year (II)\6. Research Project\EXP5 - forward transfection repeat 3\150224 Images for Analysis,C:\Users\ajdav\OneDrive - University of Cambridge\3rd Year (II)\6. Research Project\EXP5 - forward transfection repeat 3\150224 Images for Analysis,Done,65535,65535,65535,65535,0,0,0,0,0.006388822937165434,0.007098692152406038,-13.11932674903855,0.108895456190856,file:///C:/Users/ajdav/OneDrive%20-%20University%20of%20Cambridge/3rd%20Year%20%28II%29/6.%20Research%20Project/EXP5%20-%20forward%20transfection%20repeat%203/150224%20Images%20for%20Analysis/40-1_4_MMStack_Default.ome.tif,file:///C:/Users/ajdav/OneDrive%20-%20University%20of%20Cambridge/3rd%20Year%20%28II%29/6.%20Research%20Project/EXP5%20-%20forward%20transfection%20repeat%203/150224%20Images%20for%20Analysis/40-1_4_MMStack_Default.ome.tif,file:///C:/Users/ajdav/OneDrive%20-%20University%20of%20Cambridge/3rd%20Year%20%28II%29/6.%20Research%20Project/EXP5%20-%20forward%20transfection%20repeat%203/150224%20Images%20for%20Analysis/40-1_4_MMStack_Default.ome.tif,file:///C:/Users/ajdav/OneDrive%20-%20University%20of%20Cambridge/3rd%20Year%20%28II%29/6.%20Research%20Project/EXP5%20-%20forward%20transfection%20repeat%203/150224%20Images%20for%20Analysis/40-1_4_MMStack_Default.ome.tif,1344,1344,1344,1344
-1,-1,-1,-1,1.0,60.0,61.0,0.0,0.0,0.15625,0.0,0.640625,0.0625,3.515625,0.28125,0.375,1.8125,0.078125,0.125,40-1_5_MMStack_Default.ome.tif,40-1_5_MMStack_Default.ome.tif,40-1_5_MMStack_Default.ome.tif,40-1_5_MMStack_Default.ome.tif,0,3,2,1,15,30,1,1100,1100,1100,1100,15,b'eLtxvAgkG22RD9fUR8fafrRRPgwjdbRdPgwjdbRdPmwiFVTF2gEAxypeJQ==',aab2597b761698d51c8790dd391234da,aab2597b761698d51c8790dd391234da,aab2597b761698d51c8790dd391234da,aab2597b761698d51c8790dd391234da,0,nan,monochrome,file:///C:/Users/ajdav/OneDrive%20-%20University%20of%20Cambridge/3rd%20Year%20%28II%29/6.%20Research%20Project/EXP5%20-%20forward%20transfection%20repeat%203/150224%20Images%20for%20Analysis/40-1_5_MMStack_Default.ome.tif,nan,nan,0,nan,1,4,1344,1100,1,nan,nan,0,0,0,0,0,0,0,0,0,0,0,0,0,C:\Users\ajdav\OneDrive - University of Cambridge\3rd Year (II)\6. Research Project\EXP5 - forward transfection repeat 3\150224 Images for Analysis,C:\Users\ajdav\OneDrive - University of Cambridge\3rd Year (II)\6. Research Project\EXP5 - forward transfection repeat 3\150224 Images for Analysis,C:\Users\ajdav\OneDrive - University of Cambridge\3rd Year (II)\6. Research Project\EXP5 - forward transfection repeat 3\150224 Images for Analysis,C:\Users\ajdav\OneDrive - University of Cambridge\3rd Year (II)\6. Research Project\EXP5 - forward transfection repeat 3\150224 Images for Analysis,Done,65535,65535,65535,65535,0,0,0,0,0.006723337364728855,0.007470374849698727,-13.00605483478959,0.07983532505987556,file:///C:/Users/ajdav/OneDrive%20-%20University%20of%20Cambridge/3rd%20Year%20%28II%29/6.%20Research%20Project/EXP5%20-%20forward%20transfection%20repeat%203/150224%20Images%20for%20Analysis/40-1_5_MMStack_Default.ome.tif,file:///C:/Users/ajdav/OneDrive%20-%20University%20of%20Cambridge/3rd%20Year%20%28II%29/6.%20Research%20Project/EXP5%20-%20forward%20transfection%20repeat%203/150224%20Images%20for%20Analysis/40-1_5_MMStack_Default.ome.tif,file:///C:/Users/ajdav/OneDrive%20-%20University%20of%20Cambridge/3rd%20Year%20%28II%29/6.%20Research%20Project/EXP5%20-%20forward%20transfection%20repeat%203/150224%20Images%20for%20Analysis/40-1_5_MMStack_Default.ome.tif,file:///C:/Users/ajdav/OneDrive%20-%20University%20of%20Cambridge/3rd%20Year%20%28II%29/6.%20Research%20Project/EXP5%20-%20forward%20transfection%20repeat%203/150224%20Images%20for%20Analysis/40-1_5_MMStack_Default.ome.tif,1344,1344,1344,1344
-1,-1,-1,-1,1.0,51.0,52.0,0.0,0.0,0.359375,0.0,2.0625,0.109375,2.6875,0.0625,0.5625,2.46875,0.046875,0.046875,40-2_1_MMStack_Default.ome.tif,40-2_1_MMStack_Default.ome.tif,40-2_1_MMStack_Default.ome.tif,40-2_1_MMStack_Default.ome.tif,0,3,2,1,16,30,1,1100,1100,1100,1100,16,b'eLtxvAgkG22RD9fUZwLqQI/OH41G6mi7fDRSR9vlwy5SQVWsHQChrF4Z',c769992a5d2d3fdabb88900853fc2be3,c769992a5d2d3fdabb88900853fc2be3,c769992a5d2d3fdabb88900853fc2be3,c769992a5d2d3fdabb88900853fc2be3,0,nan,monochrome,file:///C:/Users/ajdav/OneDrive%20-%20University%20of%20Cambridge/3rd%20Year%20%28II%29/6.%20Research%20Project/EXP5%20-%20forward%20transfection%20repeat%203/150224%20Images%20for%20Analysis/40-2_1_MMStack_Default.ome.tif,nan,nan,0,nan,1,4,1344,1100,1,nan,nan,0,0,0,0,0,0,0,0,0,0,0,0,0,C:\Users\ajdav\OneDrive - University of Cambridge\3rd Year (II)\6. Research Project\EXP5 - forward transfection repeat 3\150224 Images for Analysis,C:\Users\ajdav\OneDrive - University of Cambridge\3rd Year (II)\6. Research Project\EXP5 - forward transfection repeat 3\150224 Images for Analysis,C:\Users\ajdav\OneDrive - University of Cambridge\3rd Year (II)\6. Research Project\EXP5 - forward transfection repeat 3\150224 Images for Analysis,C:\Users\ajdav\OneDrive - University of Cambridge\3rd Year (II)\6. Research Project\EXP5 - forward transfection repeat 3\150224 Images for Analysis,Done,65535,65535,65535,65535,0,0,0,0,0.006011349609143941,0.006679277343493268,-13.169814867538728,0.07298580761466708,file:///C:/Users/ajdav/OneDrive%20-%20University%20of%20Cambridge/3rd%20Year%20%28II%29/6.%20Research%20Project/EXP5%20-%20forward%20transfection%20repeat%203/150224%20Images%20for%20Analysis/40-2_1_MMStack_Default.ome.tif,file:///C:/Users/ajdav/OneDrive%20-%20University%20of%20Cambridge/3rd%20Year%20%28II%29/6.%20Research%20Project/EXP5%20-%20forward%20transfection%20repeat%203/150224%20Images%20for%20Analysis/40-2_1_MMStack_Default.ome.tif,file:///C:/Users/ajdav/OneDrive%20-%20University%20of%20Cambridge/3rd%20Year%20%28II%29/6.%20Research%20Project/EXP5%20-%20forward%20transfection%20repeat%203/150224%20Images%20for%20Analysis/40-2_1_MMStack_Default.ome.tif,file:///C:/Users/ajdav/OneDrive%20-%20University%20of%20Cambridge/3rd%20Year%20%28II%29/6.%20Research%20Project/EXP5%20-%20forward%20transfection%20repeat%203/150224%20Images%20for%20Analysis/40-2_1_MMStack_Default.ome.tif,1344,1344,1344,1344
-1,-1,-1,-1,1.0,60.0,60.0,0.0,0.0,0.15625,0.0,1.046875,0.09375,2.03125,0.109375,0.53125,1.796875,0.0,0.0625,40-2_2_MMStack_Default.ome.tif,40-2_2_MMStack_Default.ome.tif,40-2_2_MMStack_Default.ome.tif,40-2_2_MMStack_Default.ome.tif,0,3,2,1,17,30,1,1100,1100,1100,1100,17,b'eLtxvAgkG22RD9fUZwLqQNOnyBxtlA/DSB1tlw/DSB1tlw+bSAVVsXYAri5eHQ==',65e0bc7eec7f35027af4b7d8b0834dfd,65e0bc7eec7f35027af4b7d8b0834dfd,65e0bc7eec7f35027af4b7d8b0834dfd,65e0bc7eec7f35027af4b7d8b0834dfd,0,nan,monochrome,file:///C:/Users/ajdav/OneDrive%20-%20University%20of%20Cambridge/3rd%20Year%20%28II%29/6.%20Research%20Project/EXP5%20-%20forward%20transfection%20repeat%203/150224%20Images%20for%20Analysis/40-2_2_MMStack_Default.ome.tif,nan,nan,0,nan,1,4,1344,1100,1,nan,nan,0,0,0,0,0,0,0,0,0,0,0,0,0,C:\Users\ajdav\OneDrive - University of Cambridge\3rd Year (II)\6. Research Project\EXP5 - forward transfection repeat 3\150224 Images for Analysis,C:\Users\ajdav\OneDrive - University of Cambridge\3rd Year (II)\6. Research Project\EXP5 - forward transfection repeat 3\150224 Images for Analysis,C:\Users\ajdav\OneDrive - University of Cambridge\3rd Year (II)\6. Research Project\EXP5 - forward transfection repeat 3\150224 Images for Analysis,C:\Users\ajdav\OneDrive - University of Cambridge\3rd Year (II)\6. Research Project\EXP5 - forward transfection repeat 3\150224 Images for Analysis,Done,65535,65535,65535,65535,0,0,0,0,0.0060926364994058225,0.006769596110450913,-13.161164338374766,0.08717734867721258,file:///C:/Users/ajdav/OneDrive%20-%20University%20of%20Cambridge/3rd%20Year%20%28II%29/6.%20Research%20Project/EXP5%20-%20forward%20transfection%20repeat%203/150224%20Images%20for%20Analysis/40-2_2_MMStack_Default.ome.tif,file:///C:/Users/ajdav/OneDrive%20-%20University%20of%20Cambridge/3rd%20Year%20%28II%29/6.%20Research%20Project/EXP5%20-%20forward%20transfection%20repeat%203/150224%20Images%20for%20Analysis/40-2_2_MMStack_Default.ome.tif,file:///C:/Users/ajdav/OneDrive%20-%20University%20of%20Cambridge/3rd%20Year%20%28II%29/6.%20Research%20Project/EXP5%20-%20forward%20transfection%20repeat%203/150224%20Images%20for%20Analysis/40-2_2_MMStack_Default.ome.tif,file:///C:/Users/ajdav/OneDrive%20-%20University%20of%20Cambridge/3rd%20Year%20%28II%29/6.%20Research%20Project/EXP5%20-%20forward%20transfection%20repeat%203/150224%20Images%20for%20Analysis/40-2_2_MMStack_Default.ome.tif,1344,1344,1344,1344
-1,-1,-1,-1,1.0,80.0,82.0,0.0,0.0,0.234375,0.0,0.796875,0.25,2.265625,0.09375,1.125,4.125,0.03125,0.03125,40-2_3_MMStack_Default.ome.tif,40-2_3_MMStack_Default.ome.tif,40-2_3_MMStack_Default.ome.tif,40-2_3_MMStack_Default.ome.tif,0,3,2,1,18,30,1,1100,1100,1100,1100,18,b'eLtxvAgkG22RD9fUZ0K/DvRoo3wYRupou3wYRupou3zYRCqoirUDALqwXiE=',8e9f9d52af7122dccb34801947a4c51c,8e9f9d52af7122dccb34801947a4c51c,8e9f9d52af7122dccb34801947a4c51c,8e9f9d52af7122dccb34801947a4c51c,0,nan,monochrome,file:///C:/Users/ajdav/OneDrive%20-%20University%20of%20Cambridge/3rd%20Year%20%28II%29/6.%20Research%20Project/EXP5%20-%20forward%20transfection%20repeat%203/150224%20Images%20for%20Analysis/40-2_3_MMStack_Default.ome.tif,nan,nan,0,nan,1,4,1344,1100,1,nan,nan,0,0,0,0,0,0,0,0,0,0,0,0,0,C:\Users\ajdav\OneDrive - University of Cambridge\3rd Year (II)\6. Research Project\EXP5 - forward transfection repeat 3\150224 Images for Analysis,C:\Users\ajdav\OneDrive - University of Cambridge\3rd Year (II)\6. Research Project\EXP5 - forward transfection repeat 3\150224 Images for Analysis,C:\Users\ajdav\OneDrive - University of Cambridge\3rd Year (II)\6. Research Project\EXP5 - forward transfection repeat 3\150224 Images for Analysis,C:\Users\ajdav\OneDrive - University of Cambridge\3rd Year (II)\6. Research Project\EXP5 - forward transfection repeat 3\150224 Images for Analysis,Done,65535,65535,65535,65535,0,0,0,0,0.006279700658888279,0.006977445176542532,-13.16077083836253,0.12076933067545972,file:///C:/Users/ajdav/OneDrive%20-%20University%20of%20Cambridge/3rd%20Year%20%28II%29/6.%20Research%20Project/EXP5%20-%20forward%20transfection%20repeat%203/150224%20Images%20for%20Analysis/40-2_3_MMStack_Default.ome.tif,file:///C:/Users/ajdav/OneDrive%20-%20University%20of%20Cambridge/3rd%20Year%20%28II%29/6.%20Research%20Project/EXP5%20-%20forward%20transfection%20repeat%203/150224%20Images%20for%20Analysis/40-2_3_MMStack_Default.ome.tif,file:///C:/Users/ajdav/OneDrive%20-%20University%20of%20Cambridge/3rd%20Year%20%28II%29/6.%20Research%20Project/EXP5%20-%20forward%20transfection%20repeat%203/150224%20Images%20for%20Analysis/40-2_3_MMStack_Default.ome.tif,file:///C:/Users/ajdav/OneDrive%20-%20University%20of%20Cambridge/3rd%20Year%20%28II%29/6.%20Research%20Project/EXP5%20-%20forward%20transfection%20repeat%203/150224%20Images%20for%20Analysis/40-2_3_MMStack_Default.ome.tif,1344,1344,1344,1344
-1,-1,-1,-1,1.0,40.0,41.0,0.0,0.0,0.125,0.0,1.0625,0.140625,1.9375,0.0625,0.453125,1.734375,0.046875,0.03125,40-2_4_MMStack_Default.ome.tif,40-2_4_MMStack_Default.ome.tif,40-2_4_MMStack_Default.ome.tif,40-2_4_MMStack_Default.ome.tif,0,3,2,1,19,30,1,1100,1100,1100,1100,19,b'eLtxvAgkG22RD9fUZwLqQJuMNspHI3W0XT4aqaPt8uEWqaAq1g4AxzJeJQ==',70d56e6951b1f2f2c1537d89328c205e,70d56e6951b1f2f2c1537d89328c205e,70d56e6951b1f2f2c1537d89328c205e,70d56e6951b1f2f2c1537d89328c205e,0,nan,monochrome,file:///C:/Users/ajdav/OneDrive%20-%20University%20of%20Cambridge/3rd%20Year%20%28II%29/6.%20Research%20Project/EXP5%20-%20forward%20transfection%20repeat%203/150224%20Images%20for%20Analysis/40-2_4_MMStack_Default.ome.tif,nan,nan,0,nan,1,4,1344,1100,1,nan,nan,0,0,0,0,0,0,0,0,0,0,0,0,0,C:\Users\ajdav\OneDrive - University of Cambridge\3rd Year (II)\6. Research Project\EXP5 - forward transfection repeat 3\150224 Images for Analysis,C:\Users\ajdav\OneDrive - University of Cambridge\3rd Year (II)\6. Research Project\EXP5 - forward transfection repeat 3\150224 Images for Analysis,C:\Users\ajdav\OneDrive - University of Cambridge\3rd Year (II)\6. Research Project\EXP5 - forward transfection repeat 3\150224 Images for Analysis,C:\Users\ajdav\OneDrive - University of Cambridge\3rd Year (II)\6. Research Project\EXP5 - forward transfection repeat 3\150224 Images for Analysis,Done,65535,65535,65535,65535,0,0,0,0,0.00563398981278383,0.0062599886808709215,-13.21866227808439,0.0789441438590958,file:///C:/Users/ajdav/OneDrive%20-%20University%20of%20Cambridge/3rd%20Year%20%28II%29/6.%20Research%20Project/EXP5%20-%20forward%20transfection%20repeat%203/150224%20Images%20for%20Analysis/40-2_4_MMStack_Default.ome.tif,file:///C:/Users/ajdav/OneDrive%20-%20University%20of%20Cambridge/3rd%20Year%20%28II%29/6.%20Research%20Project/EXP5%20-%20forward%20transfection%20repeat%203/150224%20Images%20for%20Analysis/40-2_4_MMStack_Default.ome.tif,file:///C:/Users/ajdav/OneDrive%20-%20University%20of%20Cambridge/3rd%20Year%20%28II%29/6.%20Research%20Project/EXP5%20-%20forward%20transfection%20repeat%203/150224%20Images%20for%20Analysis/40-2_4_MMStack_Default.ome.tif,file:///C:/Users/ajdav/OneDrive%20-%20University%20of%20Cambridge/3rd%20Year%20%28II%29/6.%20Research%20Project/EXP5%20-%20forward%20transfection%20repeat%203/150224%20Images%20for%20Analysis/40-2_4_MMStack_Default.ome.tif,1344,1344,1344,1344
-1,-1,-1,-1,1.0,45.0,45.0,0.0,0.0,0.59375,0.0,1.09375,0.265625,5.21875,0.171875,0.9375,4.125,0.03125,0.0625,40-2_5_MMStack_Default.ome.tif,40-2_5_MMStack_Default.ome.tif,40-2_5_MMStack_Default.ome.tif,40-2_5_MMStack_Default.ome.tif,0,3,2,1,20,30,1,1100,1100,1100,1100,20,b'eLtxvAgkG22RD9fUZwLqQNOnth9tlA/DSB1tlw/DSB1tlw+bSAVVsXYA07ReKQ==',2a32b8dc3e448db3209ed7885317fb74,2a32b8dc3e448db3209ed7885317fb74,2a32b8dc3e448db3209ed7885317fb74,2a32b8dc3e448db3209ed7885317fb74,0,nan,monochrome,file:///C:/Users/ajdav/OneDrive%20-%20University%20of%20Cambridge/3rd%20Year%20%28II%29/6.%20Research%20Project/EXP5%20-%20forward%20transfection%20repeat%203/150224%20Images%20for%20Analysis/40-2_5_MMStack_Default.ome.tif,nan,nan,0,nan,1,4,1344,1100,1,nan,nan,0,0,0,0,0,0,0,0,0,0,0,0,0,C:\Users\ajdav\OneDrive - University of Cambridge\3rd Year (II)\6. Research Project\EXP5 - forward transfection repeat 3\150224 Images for Analysis,C:\Users\ajdav\OneDrive - University of Cambridge\3rd Year (II)\6. Research Project\EXP5 - forward transfection repeat 3\150224 Images for Analysis,C:\Users\ajdav\OneDrive - University of Cambridge\3rd Year (II)\6. Research Project\EXP5 - forward transfection repeat 3\150224 Images for Analysis,C:\Users\ajdav\OneDrive - University of Cambridge\3rd Year (II)\6. Research Project\EXP5 - forward transfection repeat 3\150224 Images for Analysis,Done,65535,65535,65535,65535,0,0,0,0,0.005843866165235242,0.006493184628039157,-13.082663679670368,0.07481480850110529,file:///C:/Users/ajdav/OneDrive%20-%20University%20of%20Cambridge/3rd%20Year%20%28II%29/6.%20Research%20Project/EXP5%20-%20forward%20transfection%20repeat%203/150224%20Images%20for%20Analysis/40-2_5_MMStack_Default.ome.tif,file:///C:/Users/ajdav/OneDrive%20-%20University%20of%20Cambridge/3rd%20Year%20%28II%29/6.%20Research%20Project/EXP5%20-%20forward%20transfection%20repeat%203/150224%20Images%20for%20Analysis/40-2_5_MMStack_Default.ome.tif,file:///C:/Users/ajdav/OneDrive%20-%20University%20of%20Cambridge/3rd%20Year%20%28II%29/6.%20Research%20Project/EXP5%20-%20forward%20transfection%20repeat%203/150224%20Images%20for%20Analysis/40-2_5_MMStack_Default.ome.tif,file:///C:/Users/ajdav/OneDrive%20-%20University%20of%20Cambridge/3rd%20Year%20%28II%29/6.%20Research%20Project/EXP5%20-%20forward%20transfection%20repeat%203/150224%20Images%20for%20Analysis/40-2_5_MMStack_Default.ome.tif,1344,1344,1344,1344
-1,-1,-1,-1,1.0,59.0,59.0,0.0,0.0,0.5,0.0,1.28125,0.078125,4.0625,0.265625,0.609375,2.734375,0.046875,0.203125,40-3_1_MMStack_Default.ome.tif,40-3_1_MMStack_Default.ome.tif,40-3_1_MMStack_Default.ome.tif,40-3_1_MMStack_Default.ome.tif,0,3,2,1,21,30,1,1100,1100,1100,1100,21,b'eLtxvAgkG22RD9fUBy4yR+ePRiN1tF0+Gqmj7fJhF6mgKtYOAK42Xh0=',9b3d830cad88149f3f03e54e31a1742f,9b3d830cad88149f3f03e54e31a1742f,9b3d830cad88149f3f03e54e31a1742f,9b3d830cad88149f3f03e54e31a1742f,0,nan,monochrome,file:///C:/Users/ajdav/OneDrive%20-%20University%20of%20Cambridge/3rd%20Year%20%28II%29/6.%20Research%20Project/EXP5%20-%20forward%20transfection%20repeat%203/150224%20Images%20for%20Analysis/40-3_1_MMStack_Default.ome.tif,nan,nan,0,nan,1,4,1344,1100,1,nan,nan,0,0,0,0,0,0,0,0,0,0,0,0,0,C:\Users\ajdav\OneDrive - University of Cambridge\3rd Year (II)\6. Research Project\EXP5 - forward transfection repeat 3\150224 Images for Analysis,C:\Users\ajdav\OneDrive - University of Cambridge\3rd Year (II)\6. Research Project\EXP5 - forward transfection repeat 3\150224 Images for Analysis,C:\Users\ajdav\OneDrive - University of Cambridge\3rd Year (II)\6. Research Project\EXP5 - forward transfection repeat 3\150224 Images for Analysis,C:\Users\ajdav\OneDrive - University of Cambridge\3rd Year (II)\6. Research Project\EXP5 - forward transfection repeat 3\150224 Images for Analysis,Done,65535,65535,65535,65535,0,0,0,0,0.005620522637818288,0.006245025153131431,-13.163780268206345,0.07566528157622844,file:///C:/Users/ajdav/OneDrive%20-%20University%20of%20Cambridge/3rd%20Year%20%28II%29/6.%20Research%20Project/EXP5%20-%20forward%20transfection%20repeat%203/150224%20Images%20for%20Analysis/40-3_1_MMStack_Default.ome.tif,file:///C:/Users/ajdav/OneDrive%20-%20University%20of%20Cambridge/3rd%20Year%20%28II%29/6.%20Research%20Project/EXP5%20-%20forward%20transfection%20repeat%203/150224%20Images%20for%20Analysis/40-3_1_MMStack_Default.ome.tif,file:///C:/Users/ajdav/OneDrive%20-%20University%20of%20Cambridge/3rd%20Year%20%28II%29/6.%20Research%20Project/EXP5%20-%20forward%20transfection%20repeat%203/150224%20Images%20for%20Analysis/40-3_1_MMStack_Default.ome.tif,file:///C:/Users/ajdav/OneDrive%20-%20University%20of%20Cambridge/3rd%20Year%20%28II%29/6.%20Research%20Project/EXP5%20-%20forward%20transfection%20repeat%203/150224%20Images%20for%20Analysis/40-3_1_MMStack_Default.ome.tif,1344,1344,1344,1344
-1,-1,-1,-1,1.0,39.0,40.0,0.0,0.0,0.390625,0.0,1.1875,0.109375,2.09375,0.1875,0.921875,1.828125,0.046875,0.03125,40-3_2_MMStack_Default.ome.tif,40-3_2_MMStack_Default.ome.tif,40-3_2_MMStack_Default.ome.tif,40-3_2_MMStack_Default.ome.tif,0,3,2,1,22,30,1,1100,1100,1100,1100,22,b'eLtxvAgkG22RD9fUR8cic7RRPgwjdbRdPgwjdbRdPmwiFVTF2gEAurheIQ==',86511fe4f14d1c03dc47d5cafd58ecf7,86511fe4f14d1c03dc47d5cafd58ecf7,86511fe4f14d1c03dc47d5cafd58ecf7,86511fe4f14d1c03dc47d5cafd58ecf7,0,nan,monochrome,file:///C:/Users/ajdav/OneDrive%20-%20University%20of%20Cambridge/3rd%20Year%20%28II%29/6.%20Research%20Project/EXP5%20-%20forward%20transfection%20repeat%203/150224%20Images%20for%20Analysis/40-3_2_MMStack_Default.ome.tif,nan,nan,0,nan,1,4,1344,1100,1,nan,nan,0,0,0,0,0,0,0,0,0,0,0,0,0,C:\Users\ajdav\OneDrive - University of Cambridge\3rd Year (II)\6. Research Project\EXP5 - forward transfection repeat 3\150224 Images for Analysis,C:\Users\ajdav\OneDrive - University of Cambridge\3rd Year (II)\6. Research Project\EXP5 - forward transfection repeat 3\150224 Images for Analysis,C:\Users\ajdav\OneDrive - University of Cambridge\3rd Year (II)\6. Research Project\EXP5 - forward transfection repeat 3\150224 Images for Analysis,C:\Users\ajdav\OneDrive - University of Cambridge\3rd Year (II)\6. Research Project\EXP5 - forward transfection repeat 3\150224 Images for Analysis,Done,65535,65535,65535,65535,0,0,0,0,0.005604250952393578,0.0062269455026595305,-13.12642157115593,0.05909718065293938,file:///C:/Users/ajdav/OneDrive%20-%20University%20of%20Cambridge/3rd%20Year%20%28II%29/6.%20Research%20Project/EXP5%20-%20forward%20transfection%20repeat%203/150224%20Images%20for%20Analysis/40-3_2_MMStack_Default.ome.tif,file:///C:/Users/ajdav/OneDrive%20-%20University%20of%20Cambridge/3rd%20Year%20%28II%29/6.%20Research%20Project/EXP5%20-%20forward%20transfection%20repeat%203/150224%20Images%20for%20Analysis/40-3_2_MMStack_Default.ome.tif,file:///C:/Users/ajdav/OneDrive%20-%20University%20of%20Cambridge/3rd%20Year%20%28II%29/6.%20Research%20Project/EXP5%20-%20forward%20transfection%20repeat%203/150224%20Images%20for%20Analysis/40-3_2_MMStack_Default.ome.tif,file:///C:/Users/ajdav/OneDrive%20-%20University%20of%20Cambridge/3rd%20Year%20%28II%29/6.%20Research%20Project/EXP5%20-%20forward%20transfection%20repeat%203/150224%20Images%20for%20Analysis/40-3_2_MMStack_Default.ome.tif,1344,1344,1344,1344
-1,-1,-1,-1,1.0,53.0,53.0,0.0,0.0,0.21875,0.0,0.59375,0.171875,2.90625,0.125,0.890625,2.140625,0.015625,0.015625,40-3_3_MMStack_Default.ome.tif,40-3_3_MMStack_Default.ome.tif,40-3_3_MMStack_Default.ome.tif,40-3_3_MMStack_Default.ome.tif,0,3,2,1,23,30,1,1100,1100,1100,1100,23,b'eLtxvAgkG22RD9fUBy4y6dOBHm2UD8NIHW2XD8NIHW2XD5tIBVWxdgDHOl4l',f619013c56250884cd66e691f429cc3e,f619013c56250884cd66e691f429cc3e,f619013c56250884cd66e691f429cc3e,f619013c56250884cd66e691f429cc3e,0,nan,monochrome,file:///C:/Users/ajdav/OneDrive%20-%20University%20of%20Cambridge/3rd%20Year%20%28II%29/6.%20Research%20Project/EXP5%20-%20forward%20transfection%20repeat%203/150224%20Images%20for%20Analysis/40-3_3_MMStack_Default.ome.tif,nan,nan,0,nan,1,4,1344,1100,1,nan,nan,0,0,0,0,0,0,0,0,0,0,0,0,0,C:\Users\ajdav\OneDrive - University of Cambridge\3rd Year (II)\6. Research Project\EXP5 - forward transfection repeat 3\150224 Images for Analysis,C:\Users\ajdav\OneDrive - University of Cambridge\3rd Year (II)\6. Research Project\EXP5 - forward transfection repeat 3\150224 Images for Analysis,C:\Users\ajdav\OneDrive - University of Cambridge\3rd Year (II)\6. Research Project\EXP5 - forward transfection repeat 3\150224 Images for Analysis,C:\Users\ajdav\OneDrive - University of Cambridge\3rd Year (II)\6. Research Project\EXP5 - forward transfection repeat 3\150224 Images for Analysis,Done,65535,65535,65535,65535,0,0,0,0,0.005980571630656529,0.006645079589618365,-13.184553373478737,0.07385823354697524,file:///C:/Users/ajdav/OneDrive%20-%20University%20of%20Cambridge/3rd%20Year%20%28II%29/6.%20Research%20Project/EXP5%20-%20forward%20transfection%20repeat%203/150224%20Images%20for%20Analysis/40-3_3_MMStack_Default.ome.tif,file:///C:/Users/ajdav/OneDrive%20-%20University%20of%20Cambridge/3rd%20Year%20%28II%29/6.%20Research%20Project/EXP5%20-%20forward%20transfection%20repeat%203/150224%20Images%20for%20Analysis/40-3_3_MMStack_Default.ome.tif,file:///C:/Users/ajdav/OneDrive%20-%20University%20of%20Cambridge/3rd%20Year%20%28II%29/6.%20Research%20Project/EXP5%20-%20forward%20transfection%20repeat%203/150224%20Images%20for%20Analysis/40-3_3_MMStack_Default.ome.tif,file:///C:/Users/ajdav/OneDrive%20-%20University%20of%20Cambridge/3rd%20Year%20%28II%29/6.%20Research%20Project/EXP5%20-%20forward%20transfection%20repeat%203/150224%20Images%20for%20Analysis/40-3_3_MMStack_Default.ome.tif,1344,1344,1344,1344
-1,-1,-1,-1,1.0,51.0,52.0,0.0,0.0,0.453125,0.0,1.34375,0.15625,2.4375,0.03125,0.703125,1.578125,0.078125,0.171875,40-3_4_MMStack_Default.ome.tif,40-3_4_MMStack_Default.ome.tif,40-3_4_MMStack_Default.ome.tif,40-3_4_MMStack_Default.ome.tif,0,3,2,1,24,30,1,1100,1100,1100,1100,24,b'eLtxvAgkG22RD9fUBy4yTUYb5aOROtouH43U0Xb5cItUUBVrBwDTvF4p',a04ddfbbdb8af5416619fc453089bf3f,a04ddfbbdb8af5416619fc453089bf3f,a04ddfbbdb8af5416619fc453089bf3f,a04ddfbbdb8af5416619fc453089bf3f,0,nan,monochrome,file:///C:/Users/ajdav/OneDrive%20-%20University%20of%20Cambridge/3rd%20Year%20%28II%29/6.%20Research%20Project/EXP5%20-%20forward%20transfection%20repeat%203/150224%20Images%20for%20Analysis/40-3_4_MMStack_Default.ome.tif,nan,nan,0,nan,1,4,1344,1100,1,nan,nan,0,0,0,0,0,0,0,0,0,0,0,0,0,C:\Users\ajdav\OneDrive - University of Cambridge\3rd Year (II)\6. Research Project\EXP5 - forward transfection repeat 3\150224 Images for Analysis,C:\Users\ajdav\OneDrive - University of Cambridge\3rd Year (II)\6. Research Project\EXP5 - forward transfection repeat 3\150224 Images for Analysis,C:\Users\ajdav\OneDrive - University of Cambridge\3rd Year (II)\6. Research Project\EXP5 - forward transfection repeat 3\150224 Images for Analysis,C:\Users\ajdav\OneDrive - University of Cambridge\3rd Year (II)\6. Research Project\EXP5 - forward transfection repeat 3\150224 Images for Analysis,Done,65535,65535,65535,65535,0,0,0,0,0.006244158607941892,0.006937954008824324,-13.205751760951479,0.10414494020746189,file:///C:/Users/ajdav/OneDrive%20-%20University%20of%20Cambridge/3rd%20Year%20%28II%29/6.%20Research%20Project/EXP5%20-%20forward%20transfection%20repeat%203/150224%20Images%20for%20Analysis/40-3_4_MMStack_Default.ome.tif,file:///C:/Users/ajdav/OneDrive%20-%20University%20of%20Cambridge/3rd%20Year%20%28II%29/6.%20Research%20Project/EXP5%20-%20forward%20transfection%20repeat%203/150224%20Images%20for%20Analysis/40-3_4_MMStack_Default.ome.tif,file:///C:/Users/ajdav/OneDrive%20-%20University%20of%20Cambridge/3rd%20Year%20%28II%29/6.%20Research%20Project/EXP5%20-%20forward%20transfection%20repeat%203/150224%20Images%20for%20Analysis/40-3_4_MMStack_Default.ome.tif,file:///C:/Users/ajdav/OneDrive%20-%20University%20of%20Cambridge/3rd%20Year%20%28II%29/6.%20Research%20Project/EXP5%20-%20forward%20transfection%20repeat%203/150224%20Images%20for%20Analysis/40-3_4_MMStack_Default.ome.tif,1344,1344,1344,1344
-1,-1,-1,-1,1.0,37.0,38.0,0.0,0.0,0.15625,0.0,0.625,0.234375,3.78125,0.109375,0.59375,3.671875,0.09375,0.109375,40-3_5_MMStack_Default.ome.tif,40-3_5_MMStack_Default.ome.tif,40-3_5_MMStack_Default.ome.tif,40-3_5_MMStack_Default.ome.tif,0,3,2,1,25,30,1,1100,1100,1100,1100,25,b'eLtxvAgkG22RD9fUBy4y6VPbjzbKh2GkjrbLh2GkjrbLh02kgqpYOwDgPl4t',c206f3710023e5c6b9adbe50615c2609,c206f3710023e5c6b9adbe50615c2609,c206f3710023e5c6b9adbe50615c2609,c206f3710023e5c6b9adbe50615c2609,0,nan,monochrome,file:///C:/Users/ajdav/OneDrive%20-%20University%20of%20Cambridge/3rd%20Year%20%28II%29/6.%20Research%20Project/EXP5%20-%20forward%20transfection%20repeat%203/150224%20Images%20for%20Analysis/40-3_5_MMStack_Default.ome.tif,nan,nan,0,nan,1,4,1344,1100,1,nan,nan,0,0,0,0,0,0,0,0,0,0,0,0,0,C:\Users\ajdav\OneDrive - University of Cambridge\3rd Year (II)\6. Research Project\EXP5 - forward transfection repeat 3\150224 Images for Analysis,C:\Users\ajdav\OneDrive - University of Cambridge\3rd Year (II)\6. Research Project\EXP5 - forward transfection repeat 3\150224 Images for Analysis,C:\Users\ajdav\OneDrive - University of Cambridge\3rd Year (II)\6. Research Project\EXP5 - forward transfection repeat 3\150224 Images for Analysis,C:\Users\ajdav\OneDrive - University of Cambridge\3rd Year (II)\6. Research Project\EXP5 - forward transfection repeat 3\150224 Images for Analysis,Done,65535,65535,65535,65535,0,0,0,0,0.005261526257589531,0.0058461402862105905,-13.173300218204531,0.04431558502331533,file:///C:/Users/ajdav/OneDrive%20-%20University%20of%20Cambridge/3rd%20Year%20%28II%29/6.%20Research%20Project/EXP5%20-%20forward%20transfection%20repeat%203/150224%20Images%20for%20Analysis/40-3_5_MMStack_Default.ome.tif,file:///C:/Users/ajdav/OneDrive%20-%20University%20of%20Cambridge/3rd%20Year%20%28II%29/6.%20Research%20Project/EXP5%20-%20forward%20transfection%20repeat%203/150224%20Images%20for%20Analysis/40-3_5_MMStack_Default.ome.tif,file:///C:/Users/ajdav/OneDrive%20-%20University%20of%20Cambridge/3rd%20Year%20%28II%29/6.%20Research%20Project/EXP5%20-%20forward%20transfection%20repeat%203/150224%20Images%20for%20Analysis/40-3_5_MMStack_Default.ome.tif,file:///C:/Users/ajdav/OneDrive%20-%20University%20of%20Cambridge/3rd%20Year%20%28II%29/6.%20Research%20Project/EXP5%20-%20forward%20transfection%20repeat%203/150224%20Images%20for%20Analysis/40-3_5_MMStack_Default.ome.tif,1344,1344,1344,1344
-1,-1,-1,-1,1.0,37.0,37.0,0.0,0.0,0.25,0.0,1.625,0.21875,4.390625,0.171875,1.609375,4.078125,0.03125,0.015625,GL2i_1_1_MMStack_Default.ome.tif,GL2i_1_1_MMStack_Default.ome.tif,GL2i_1_1_MMStack_Default.ome.tif,GL2i_1_1_MMStack_Default.ome.tif,0,3,2,1,26,30,1,1100,1100,1100,1100,26,b'eLtxvAgkG22RD+vUNzqDNBqto23z0WgdbZ0P22gFVbV2AEt6YgU=',d670cf5a4fcf9ba3f618e466f1d615b2,d670cf5a4fcf9ba3f618e466f1d615b2,d670cf5a4fcf9ba3f618e466f1d615b2,d670cf5a4fcf9ba3f618e466f1d615b2,0,nan,monochrome,file:///C:/Users/ajdav/OneDrive%20-%20University%20of%20Cambridge/3rd%20Year%20%28II%29/6.%20Research%20Project/EXP5%20-%20forward%20transfection%20repeat%203/150224%20Images%20for%20Analysis/GL2i_1_1_MMStack_Default.ome.tif,nan,nan,0,nan,1,4,1344,1100,1,nan,nan,0,0,0,0,0,0,0,0,0,0,0,0,0,C:\Users\ajdav\OneDrive - University of Cambridge\3rd Year (II)\6. Research Project\EXP5 - forward transfection repeat 3\150224 Images for Analysis,C:\Users\ajdav\OneDrive - University of Cambridge\3rd Year (II)\6. Research Project\EXP5 - forward transfection repeat 3\150224 Images for Analysis,C:\Users\ajdav\OneDrive - University of Cambridge\3rd Year (II)\6. Research Project\EXP5 - forward transfection repeat 3\150224 Images for Analysis,C:\Users\ajdav\OneDrive - University of Cambridge\3rd Year (II)\6. Research Project\EXP5 - forward transfection repeat 3\150224 Images for Analysis,Done,65535,65535,65535,65535,0,0,0,0,0.006061338898469638,0.006734820998299598,-12.990923564997637,0.04977579480052212,file:///C:/Users/ajdav/OneDrive%20-%20University%20of%20Cambridge/3rd%20Year%20%28II%29/6.%20Research%20Project/EXP5%20-%20forward%20transfection%20repeat%203/150224%20Images%20for%20Analysis/GL2i_1_1_MMStack_Default.ome.tif,file:///C:/Users/ajdav/OneDrive%20-%20University%20of%20Cambridge/3rd%20Year%20%28II%29/6.%20Research%20Project/EXP5%20-%20forward%20transfection%20repeat%203/150224%20Images%20for%20Analysis/GL2i_1_1_MMStack_Default.ome.tif,file:///C:/Users/ajdav/OneDrive%20-%20University%20of%20Cambridge/3rd%20Year%20%28II%29/6.%20Research%20Project/EXP5%20-%20forward%20transfection%20repeat%203/150224%20Images%20for%20Analysis/GL2i_1_1_MMStack_Default.ome.tif,file:///C:/Users/ajdav/OneDrive%20-%20University%20of%20Cambridge/3rd%20Year%20%28II%29/6.%20Research%20Project/EXP5%20-%20forward%20transfection%20repeat%203/150224%20Images%20for%20Analysis/GL2i_1_1_MMStack_Default.ome.tif,1344,1344,1344,1344
-1,-1,-1,-1,1.0,66.0,68.0,0.0,0.0,0.609375,0.0,1.6875,0.171875,1.90625,0.125,0.953125,3.609375,0.109375,0.203125,GL2i_2_1_MMStack_Default.ome.tif,GL2i_2_1_MMStack_Default.ome.tif,GL2i_2_1_MMStack_Default.ome.tif,GL2i_2_1_MMStack_Default.ome.tif,0,3,2,1,27,30,1,1100,1100,1100,1100,27,b'eLtxvAgkG22RD+vUZzQ6gzQaraNt89FoHW2dD9doBVW1dgBYEGIJ',539c53e5bd13ab4e230f53a0444950e6,539c53e5bd13ab4e230f53a0444950e6,539c53e5bd13ab4e230f53a0444950e6,539c53e5bd13ab4e230f53a0444950e6,0,nan,monochrome,file:///C:/Users/ajdav/OneDrive%20-%20University%20of%20Cambridge/3rd%20Year%20%28II%29/6.%20Research%20Project/EXP5%20-%20forward%20transfection%20repeat%203/150224%20Images%20for%20Analysis/GL2i_2_1_MMStack_Default.ome.tif,nan,nan,0,nan,1,4,1344,1100,1,nan,nan,0,0,0,0,0,0,0,0,0,0,0,0,0,C:\Users\ajdav\OneDrive - University of Cambridge\3rd Year (II)\6. Research Project\EXP5 - forward transfection repeat 3\150224 Images for Analysis,C:\Users\ajdav\OneDrive - University of Cambridge\3rd Year (II)\6. Research Project\EXP5 - forward transfection repeat 3\150224 Images for Analysis,C:\Users\ajdav\OneDrive - University of Cambridge\3rd Year (II)\6. Research Project\EXP5 - forward transfection repeat 3\150224 Images for Analysis,C:\Users\ajdav\OneDrive - University of Cambridge\3rd Year (II)\6. Research Project\EXP5 - forward transfection repeat 3\150224 Images for Analysis,Done,65535,65535,65535,65535,0,0,0,0,0.007021905463209245,0.007802117181343606,-13.277674111922632,0.13621191782098982,file:///C:/Users/ajdav/OneDrive%20-%20University%20of%20Cambridge/3rd%20Year%20%28II%29/6.%20Research%20Project/EXP5%20-%20forward%20transfection%20repeat%203/150224%20Images%20for%20Analysis/GL2i_2_1_MMStack_Default.ome.tif,file:///C:/Users/ajdav/OneDrive%20-%20University%20of%20Cambridge/3rd%20Year%20%28II%29/6.%20Research%20Project/EXP5%20-%20forward%20transfection%20repeat%203/150224%20Images%20for%20Analysis/GL2i_2_1_MMStack_Default.ome.tif,file:///C:/Users/ajdav/OneDrive%20-%20University%20of%20Cambridge/3rd%20Year%20%28II%29/6.%20Research%20Project/EXP5%20-%20forward%20transfection%20repeat%203/150224%20Images%20for%20Analysis/GL2i_2_1_MMStack_Default.ome.tif,file:///C:/Users/ajdav/OneDrive%20-%20University%20of%20Cambridge/3rd%20Year%20%28II%29/6.%20Research%20Project/EXP5%20-%20forward%20transfection%20repeat%203/150224%20Images%20for%20Analysis/GL2i_2_1_MMStack_Default.ome.tif,1344,1344,1344,1344
-1,-1,-1,-1,1.0,30.0,30.0,0.0,0.0,0.109375,0.0,0.625,0.140625,3.84375,0.203125,1.171875,2.0625,0.046875,0.125,GL2i_3_1_MMStack_Default.ome.tif,GL2i_3_1_MMStack_Default.ome.tif,GL2i_3_1_MMStack_Default.ome.tif,GL2i_3_1_MMStack_Default.ome.tif,0,3,2,1,28,30,1,1100,1100,1100,1100,28,b'eLtxvAgkG22RD+vUZzw6gzQaraNt89FoHW2dD9doBVW1dgBkpmIN',1eba53a4d2d21b5445d438e77bb22689,1eba53a4d2d21b5445d438e77bb22689,1eba53a4d2d21b5445d438e77bb22689,1eba53a4d2d21b5445d438e77bb22689,0,nan,monochrome,file:///C:/Users/ajdav/OneDrive%20-%20University%20of%20Cambridge/3rd%20Year%20%28II%29/6.%20Research%20Project/EXP5%20-%20forward%20transfection%20repeat%203/150224%20Images%20for%20Analysis/GL2i_3_1_MMStack_Default.ome.tif,nan,nan,0,nan,1,4,1344,1100,1,nan,nan,0,0,0,0,0,0,0,0,0,0,0,0,0,C:\Users\ajdav\OneDrive - University of Cambridge\3rd Year (II)\6. Research Project\EXP5 - forward transfection repeat 3\150224 Images for Analysis,C:\Users\ajdav\OneDrive - University of Cambridge\3rd Year (II)\6. Research Project\EXP5 - forward transfection repeat 3\150224 Images for Analysis,C:\Users\ajdav\OneDrive - University of Cambridge\3rd Year (II)\6. Research Project\EXP5 - forward transfection repeat 3\150224 Images for Analysis,C:\Users\ajdav\OneDrive - University of Cambridge\3rd Year (II)\6. Research Project\EXP5 - forward transfection repeat 3\150224 Images for Analysis,Done,65535,65535,65535,65535,0,0,0,0,0.006682836214615279,0.007425373571794754,-12.899433063976183,0.06545186040456204,file:///C:/Users/ajdav/OneDrive%20-%20University%20of%20Cambridge/3rd%20Year%20%28II%29/6.%20Research%20Project/EXP5%20-%20forward%20transfection%20repeat%203/150224%20Images%20for%20Analysis/GL2i_3_1_MMStack_Default.ome.tif,file:///C:/Users/ajdav/OneDrive%20-%20University%20of%20Cambridge/3rd%20Year%20%28II%29/6.%20Research%20Project/EXP5%20-%20forward%20transfection%20repeat%203/150224%20Images%20for%20Analysis/GL2i_3_1_MMStack_Default.ome.tif,file:///C:/Users/ajdav/OneDrive%20-%20University%20of%20Cambridge/3rd%20Year%20%28II%29/6.%20Research%20Project/EXP5%20-%20forward%20transfection%20repeat%203/150224%20Images%20for%20Analysis/GL2i_3_1_MMStack_Default.ome.tif,file:///C:/Users/ajdav/OneDrive%20-%20University%20of%20Cambridge/3rd%20Year%20%28II%29/6.%20Research%20Project/EXP5%20-%20forward%20transfection%20repeat%203/150224%20Images%20for%20Analysis/GL2i_3_1_MMStack_Default.ome.tif,1344,1344,1344,1344
-1,-1,-1,-1,1.0,49.0,49.0,0.0,0.0,0.25,0.0,1.28125,0.140625,4.203125,0.078125,1.390625,1.890625,0.0,0.03125,GL2i_4_1_MMStack_Default.ome.tif,GL2i_4_1_MMStack_Default.ome.tif,GL2i_4_1_MMStack_Default.ome.tif,GL2i_4_1_MMStack_Default.ome.tif,0,3,2,1,29,30,1,1100,1100,1100,1100,29,b'eLtxvAgkG22Rj6a+0Wb5aLSOts1HULSOts6HUbSCqlo7AHE8YhE=',836ce50f90527e95c68707ad0c7a4352,836ce50f90527e95c68707ad0c7a4352,836ce50f90527e95c68707ad0c7a4352,836ce50f90527e95c68707ad0c7a4352,0,nan,monochrome,file:///C:/Users/ajdav/OneDrive%20-%20University%20of%20Cambridge/3rd%20Year%20%28II%29/6.%20Research%20Project/EXP5%20-%20forward%20transfection%20repeat%203/150224%20Images%20for%20Analysis/GL2i_4_1_MMStack_Default.ome.tif,nan,nan,0,nan,1,4,1344,1100,1,nan,nan,0,0,0,0,0,0,0,0,0,0,0,0,0,C:\Users\ajdav\OneDrive - University of Cambridge\3rd Year (II)\6. Research Project\EXP5 - forward transfection repeat 3\150224 Images for Analysis,C:\Users\ajdav\OneDrive - University of Cambridge\3rd Year (II)\6. Research Project\EXP5 - forward transfection repeat 3\150224 Images for Analysis,C:\Users\ajdav\OneDrive - University of Cambridge\3rd Year (II)\6. Research Project\EXP5 - forward transfection repeat 3\150224 Images for Analysis,C:\Users\ajdav\OneDrive - University of Cambridge\3rd Year (II)\6. Research Project\EXP5 - forward transfection repeat 3\150224 Images for Analysis,Done,65535,65535,65535,65535,0,0,0,0,0.005960602761996304,0.006622891957773672,-13.126530802306622,0.07555784704841752,file:///C:/Users/ajdav/OneDrive%20-%20University%20of%20Cambridge/3rd%20Year%20%28II%29/6.%20Research%20Project/EXP5%20-%20forward%20transfection%20repeat%203/150224%20Images%20for%20Analysis/GL2i_4_1_MMStack_Default.ome.tif,file:///C:/Users/ajdav/OneDrive%20-%20University%20of%20Cambridge/3rd%20Year%20%28II%29/6.%20Research%20Project/EXP5%20-%20forward%20transfection%20repeat%203/150224%20Images%20for%20Analysis/GL2i_4_1_MMStack_Default.ome.tif,file:///C:/Users/ajdav/OneDrive%20-%20University%20of%20Cambridge/3rd%20Year%20%28II%29/6.%20Research%20Project/EXP5%20-%20forward%20transfection%20repeat%203/150224%20Images%20for%20Analysis/GL2i_4_1_MMStack_Default.ome.tif,file:///C:/Users/ajdav/OneDrive%20-%20University%20of%20Cambridge/3rd%20Year%20%28II%29/6.%20Research%20Project/EXP5%20-%20forward%20transfection%20repeat%203/150224%20Images%20for%20Analysis/GL2i_4_1_MMStack_Default.ome.tif,1344,1344,1344,1344
-1,-1,-1,-1,1.0,52.0,53.0,0.0,0.0,0.15625,0.0,0.765625,0.09375,1.6875,0.078125,0.671875,2.0,0.03125,0.03125,GL2i_5_1_MMStack_Default.ome.tif,GL2i_5_1_MMStack_Default.ome.tif,GL2i_5_1_MMStack_Default.ome.tif,GL2i_5_1_MMStack_Default.ome.tif,0,3,2,1,30,30,1,1100,1100,1100,1100,30,b'eLtxvAgkG22RD+vUZzo6gzQaraNt89FoHW2dD9doBVW1dgB90mIV',db45e866ac9bd321da85627511d479f1,db45e866ac9bd321da85627511d479f1,db45e866ac9bd321da85627511d479f1,db45e866ac9bd321da85627511d479f1,0,nan,monochrome,file:///C:/Users/ajdav/OneDrive%20-%20University%20of%20Cambridge/3rd%20Year%20%28II%29/6.%20Research%20Project/EXP5%20-%20forward%20transfection%20repeat%203/150224%20Images%20for%20Analysis/GL2i_5_1_MMStack_Default.ome.tif,nan,nan,0,nan,1,4,1344,1100,1,nan,nan,0,0,0,0,0,0,0,0,0,0,0,0,0,C:\Users\ajdav\OneDrive - University of Cambridge\3rd Year (II)\6. Research Project\EXP5 - forward transfection repeat 3\150224 Images for Analysis,C:\Users\ajdav\OneDrive - University of Cambridge\3rd Year (II)\6. Research Project\EXP5 - forward transfection repeat 3\150224 Images for Analysis,C:\Users\ajdav\OneDrive - University of Cambridge\3rd Year (II)\6. Research Project\EXP5 - forward transfection repeat 3\150224 Images for Analysis,C:\Users\ajdav\OneDrive - University of Cambridge\3rd Year (II)\6. Research Project\EXP5 - forward transfection repeat 3\150224 Images for Analysis,Done,65535,65535,65535,65535,0,0,0,0,0.006360319831199939,0.0070670220346665995,-13.081449988487716,0.0936959639792905,file:///C:/Users/ajdav/OneDrive%20-%20University%20of%20Cambridge/3rd%20Year%20%28II%29/6.%20Research%20Project/EXP5%20-%20forward%20transfection%20repeat%203/150224%20Images%20for%20Analysis/GL2i_5_1_MMStack_Default.ome.tif,file:///C:/Users/ajdav/OneDrive%20-%20University%20of%20Cambridge/3rd%20Year%20%28II%29/6.%20Research%20Project/EXP5%20-%20forward%20transfection%20repeat%203/150224%20Images%20for%20Analysis/GL2i_5_1_MMStack_Default.ome.tif,file:///C:/Users/ajdav/OneDrive%20-%20University%20of%20Cambridge/3rd%20Year%20%28II%29/6.%20Research%20Project/EXP5%20-%20forward%20transfection%20repeat%203/150224%20Images%20for%20Analysis/GL2i_5_1_MMStack_Default.ome.tif,file:///C:/Users/ajdav/OneDrive%20-%20University%20of%20Cambridge/3rd%20Year%20%28II%29/6.%20Research%20Project/EXP5%20-%20forward%20transfection%20repeat%203/150224%20Images%20for%20Analysis/GL2i_5_1_MMStack_Default.ome.tif,1344,1344,1344,1344
